<resources>
	<!--most used-->
	<!--===============================================================-->
	<string name="Lbl_Username">Username</string>
	<string name="Lbl_Email">Email</string>
	<string name="Lbl_Password">Password</string>
	<string name="Lbl_Login">Login</string>
	<string name="Lbl_Register">Register</string>
	<string name="Lbl_Empty">Empty</string>
	<string name="Lbl_Loading">Loading</string>
	<string name="Lbl_Save">Save</string>
	<string name="Lbl_Comment">Comment</string>
	<string name="Lbl_Videos">Videos</string>
	<string name="Lbl_Views">Views</string>
	<string name="Lbl_about">About</string>
	<string name="Lbl_Error">Error</string>
	<string name="Lbl_Ok">Ok</string>
	<string name="Lbl_Security">Security</string>
	<string name="Lbl_Done">Done</string>
	<string name="Lbl_Deleted">Deleted</string>
	<string name="Lbl_Submit">Submit</string>
	<string name="Lbl_Cancel">Cancel</string>
	<string name="Lbl_Yes">Yes</string>
	<string name="Lbl_No">No</string>
	<string name="Lbl_Warning">Warning</string>
	<string name="Lbl_Changed">Changed</string>
	<string name="Lbl_Crop">Crop</string>
	<string name="Lbl_Edit">Edit</string>
	<string name="Lbl_Report">Report</string>
	<string name="Lbl_Quality">Quality</string>
	<string name="Lbl_Unknown">Unknown</string>
	<string name="Lbl_Copy">Copy</string>
	<string name="Lbl_Delete">Delete</string>
	<string name="Lbl_ReadMore">Read More</string>
	<string name="Lbl_ReadLess">Read Less</string>
	<string name="Lbl_ViewMore">View More</string>
	<string name="Lbl_Support">Support</string>
	<string name="Lbl_Help">Help</string>
	<string name="Lbl_GetHelp">Get Help</string>
	<string name="Lbl_Send">Send</string>
	<string name="Lbl_Publish">Publish</string>
	<string name="Lbl_Continue">Continue</string>
	<string name="Terms_of_service">Terms of service</string>
	<string name="Privacy_Policy">Privacy Policy</string>
	<string name="Lbl_TermsOfUse">Terms of use</string>
	<string name="Lbl_About_App">About us</string>
	<string name="Lbl_Logout">Logout</string>
	<string name="Lbl_SignIn">Sign in</string>
	<string name="Lbl_All">All</string>
	<string name="Lbl_Exit">Exit</string>
	<string name="Lbl_Categories">Categories</string>

	<!--Toast && Messages-->
	<!--===============================================================-->
	<string name="Lbl_CheckYourInternetConnection">Please check your internet connection</string>
	<string name="press_again_exit">Press again to exit</string>
	<string name="Lbl_VerificationFailed">Verification failed</string>
	<string name="Lbl_VerificationCorrect">Verification Success</string>
	<string name="Lbl_PasswordSent">Your Password has been sent successfully</string>
	<string name="Lbl_Created_successfully_playlist">Created successfully, can you back and add video to the playlist.</string>
	<string name="Lbl_You_can_not_access_your_disapproval">You can not access your disapproval of the Terms and Conditions</string>
	<string name="Lbl_IsEmailValid">Please Write your full email address</string>
	<string name="Lbl_EmailNotFound">Email is not Exist</string>
	<string name="Lbl_something_went_wrong">Check your credentials something went wrong</string>
	<string name="Lbl_Please_enter_your_data">Please enter your data</string>
	<string name="Lbl_Error_Login">Login Not Correct, error Username Or Password</string>
	<string name="Lbl_Error_Register_password">Register Not Correct, error Password</string>
	<string name="Lbl_The_name_can_not_be_blank">The name can not be blank</string>
	<string name="Lbl_Your_account_was_successfully_deleted">Your account was successfully deleted</string>
	<string name="Lbl_Please_confirm_your_password">Please confirm your password</string>
	<string name="Lbl_Closed_App">The application will be closed</string>
	<string name="Lbl_Video_added">Video added</string>
	<string name="Lbl_You_can_not_Download_video">You can not Download this type of video</string>
	<string name="Lbl_Permission_is_denied">Sorry: You cannot proceed with your action if you dont allow</string>
	<string name="Lbl_Subscribed_successfully">Subscribed successfully</string>
	<string name="Lbl_Channel_Removed_successfully">Channel removed successfully</string>
	<string name="Lbl_Video_Removed">Video removed</string>
	<string name="Lbl_received_your_report">Thank you, We have received your report!</string>
	<string name="Lbl_The_search_term">The search term must be more than 4 characters</string>
	<string name="Lbl_Image_changed_successfully">Image changed successfully</string>
	<string name="Lbl_Uploads_Image">Your photo will be updated soon</string>
	<string name="Lbl_Video_Liked">Video Liked</string>
	<string name="Lbl_Remove_Video_Liked">Remove The Video To Liked</string>
	<string name="Lbl_Video_UnLiked">Video disliked</string>
	<string name="Lbl_Remove_Video_UnLiked">Remove The Video To disliked</string>
	<string name="Lbl_Video_Uploaded">Video will apear soon on your channel.</string>
	<string name="Lbl_Video_Success">Success</string>
	<string name="Lbl_Ask_logout">Are you sure you want to logout and clear all data?</string>

	<!--Time-->
	<!--===============================================================-->
	<string name="Lbl_hours">Hours ago</string>
	<string name="Lbl_days">Days ago</string>
	<string name="Lbl_month">Month ago</string>
	<string name="Lbl_minutes">Minutes ago</string>
	<string name="Lbl_seconds">Seconds ago</string>
	<string name="Lbl_year">Year ago</string>

	<string name="Lbl_justNow">Just now</string>
	<string name="Lbl_CutHours">H</string>
	<string name="Lbl_CutDays">D</string>
	<string name="Lbl_CutMonth">M</string>
	<string name="Lbl_CutMinutes">Min</string>
	<string name="Lbl_CutSeconds">Sec</string>
	<string name="Lbl_CutYear">Y</string>
	<string name="Lbl_about_minute">about a minute ago</string>
	<string name="Lbl_about_hour">about an hour ago</string>
	<string name="Lbl_yesterday">yesterday</string>
	<string name="Lbl_about_month">about a month ago</string>
	<string name="Lbl_about_year">about a year ago</string>

	<!--Auth-->
	<!--===============================================================-->
	<string name="Lbl_ContinueWithGoogle">continue with Google</string>
	<string name="Lbl_TextRegister">fill your details or continue with social media</string>
	<string name="Lbl_TextLogin">Enter your details below to continue</string>
	<string name="Lbl_Forgot_your_password">Forgot your password</string>

	<!--===============================================================-->
	<string name="Lbl_HasNotAnyInfo">Has not any info</string>
	<string name="Lbl_Lets_get_started">"Let&apos;s get started!"</string>

	<!--Tabs-->
	<!--===============================================================-->
	<string name="Lbl_Home">Home</string>
	<string name="Lbl_Search">Search</string>
	<string name="Lbl_Trending">Trending</string>
	<string name="Lbl_Movies">Movies</string>
	<string name="Lbl_Subscriptions">Subscriptions</string>
	<string name="Lbl_Library">Library</string>
	<string name="Lbl_Settings">Settings</string>

	<!--Home-->
	<!--===============================================================-->
	<string name="Lbl_FeaturedVideo">Featured Video</string>
	<string name="Lbl_TopVideo">Top Video</string>
	<string name="Lbl_LatestVideo">Latest Video</string>
	<string name="Lbl_FavoriteVideo">Favorite Video</string>
	<string name="Lbl_StockVideo">Stock Video</string>
	
	<!--Search-->
	<!--===============================================================-->
	<string name="Lbl_SearchResults">Search results</string>
 
	<!--Library-->
	<!--===============================================================-->
	<string name="Lbl_WatchLater">Watch Later</string>
	<string name="Lbl_RecentlyWatched">Recently Watched</string>
	<string name="Lbl_PlayLists">PlayLists</string>
	<string name="Lbl_Liked">Liked</string>
	<string name="Lbl_LikedVideos">Liked Videos</string>
	<string name="Lbl_PlayLists_Videos">PlayLists Videos</string>
	<string name="Lbl_Paid">Paid</string>
	<string name="Lbl_Paid_videos">Paid video</string>
	<string name="Lbl_YourVideo">Your video</string>

	<string name="Lbl_Subscribers">Subscribers</string>
	<string name="Lbl_Subscribed">Subscribed</string>
	<string name="Lbl_Subscribe">Subscribe</string>

	<!--Player-->
	<!--===============================================================-->
	<string name="Lbl_WatchNow">Watch Now</string>
	<string name="Lbl_Comments">Comments</string>
	<string name="Lbl_NextVideo">Next Video</string>
	<string name="Lbl_Speed">Speed</string>
	<string name="Lbl_AgeRestriction">Age Restriction</string>
	<string name="Lbl_AgeRestrictionText0">All ages can view this video</string>
	<string name="Lbl_AgeRestrictionText1">Only +18</string>

	<string name="Lbl_SkipAds">Skip ads</string>
	<string name="Lbl_VisitAdvertiser">Visit advertiser</string>

	<string name="Lbl_SomThingWentWrong_TitleText">Something Went Wrong</string>
	<string name="Lbl_ErrorForward">Cannot jump forward 10 seconds</string>
	<string name="Lbl_ErrorBackward">Cannot jump backward 10 seconds</string>

	<string name="Lbl_Purchase">Purchase</string>
	<string name="Lbl_Rent">Rent</string>
	<string name="Lbl_AgeRestricted">This video is age restricted for viewers under +18</string>
	<string name="Lbl_GEORestricted">This video is not available in your location.</string>
	<string name="Lbl_purchaseVideo">This video is being sold, you have to purchase the video to watch it.</string>
	<string name="Lbl_ChannelIsPaid">This channel is paid, You must pay to subscribe</string>

	<string name="Lbl_AddTo">Add to</string>
	<string name="Lbl_Addto_playlist">Add to Playlist</string>
	<string name="Lbl_Addto_watchlater">Add to Watch Later</string>
	<string name="Lbl_RemoveFromWatchLater">Remove from watch later</string>
	<string name="Lbl_AddedToWatchLater">Added to watch later</string>
	<string name="Lbl_RemovedFromWatchLater">Removed from watch later</string>


	<!--1.2 String translate -->
	<!--===============================================================-->
	<string name="Lbl_OrContinueWith">Or continue with</string>
	<string name="Lbl_Terms_privacy1">By Joining</string>
	<string name="Lbl_Terms_privacy2">you agree to our <b>Terms of Service</b> and <b>Privacy Policy</b></string>
	<string name="Lbl_Verification">Verification</string>
	<string name="Lbl_VerificationText1">To log in, you need to verify your identity.</string>
	<string name="Lbl_VerificationText2">We have sent you the confirmation code to your email address.</string>

	<string name="Lbl_CodeNotCorrect">Please type the correct code number</string>
	<string name="Lbl_AddCode">Add code number</string>
	<string name="Lbl_ActivateYourDevice">Activate Your Device</string>
	<string name="Lbl_ActivateYourDevice_Des">Open the application on your android phone, go to settings >> choose Link with TV code, and input the code for quick access.</string>
	<string name="Lbl_EnterCode">Enter Code</string>
	<string name="Lbl_Apply">Apply</string>

</resources>
